{
    "rmse": 9.405880344345466,
    "mae": 6.044080701507257,
    "r2": 0.5797427432631227
}